# Daily Commit - Mon Oct 27 14:50:36 UTC 2025
# Daily Commit - Mon Oct 27 15:03:09 UTC 2025
# Daily Commit - Tue Oct 28 10:44:56 UTC 2025
# Daily Commit - Wed Oct 29 10:44:43 UTC 2025
# Daily Commit - Thu Oct 30 10:43:10 UTC 2025
# Daily Commit - Fri Oct 31 10:41:58 UTC 2025
# Daily Commit - Sat Nov  1 10:37:02 UTC 2025
# Daily Commit - Sun Nov  2 10:35:04 UTC 2025
# Daily Commit - Mon Nov  3 10:49:07 UTC 2025
# Daily Commit - Tue Nov  4 10:49:04 UTC 2025
# Daily Commit - Wed Nov  5 10:45:45 UTC 2025
# Daily Commit - Thu Nov  6 10:24:43 UTC 2025
